dt,AverageTemperature,AverageTemperatureUncertainty,State,Country
2000-01-01,26.081,0.369,Amazonas,Brazil
2000-02-01,26.144,0.326,Amazonas,Brazil
2000-03-01,26.217,0.308,Amazonas,Brazil
2000-04-01,26.036,0.211,Amazonas,Brazil
2000-05-01,26.434,0.283,Amazonas,Brazil
2000-06-01,26.251,0.346,Amazonas,Brazil
2000-07-01,25.656999999999996,0.309,Amazonas,Brazil
2000-08-01,26.948,0.193,Amazonas,Brazil
2000-09-01,26.975,0.162,Amazonas,Brazil
2000-10-01,26.893,0.184,Amazonas,Brazil
2000-11-01,27.09800000000001,0.281,Amazonas,Brazil
2000-12-01,26.776999999999997,0.244,Amazonas,Brazil
2001-01-01,25.795,0.231,Amazonas,Brazil
2001-02-01,26.125,0.18,Amazonas,Brazil
2001-03-01,26.502,0.202,Amazonas,Brazil
2001-04-01,26.597,0.14,Amazonas,Brazil
2001-05-01,26.513,0.165,Amazonas,Brazil
2001-06-01,25.007,0.331,Amazonas,Brazil
2001-07-01,26.112,0.331,Amazonas,Brazil
2001-08-01,27.187,0.621,Amazonas,Brazil
2001-09-01,27.216,0.136,Amazonas,Brazil
2001-10-01,27.686,0.136,Amazonas,Brazil
2001-11-01,27.704,0.16,Amazonas,Brazil
2001-12-01,26.904,0.28,Amazonas,Brazil
2002-01-01,26.88,0.24,Amazonas,Brazil
2002-02-01,26.74,0.126,Amazonas,Brazil
2002-03-01,26.723000000000003,0.233,Amazonas,Brazil
2002-04-01,26.464,0.202,Amazonas,Brazil
2002-05-01,26.687,0.268,Amazonas,Brazil
2002-06-01,26.101,0.182,Amazonas,Brazil
2002-07-01,26.673,0.356,Amazonas,Brazil
2002-08-01,27.145,0.314,Amazonas,Brazil
2002-09-01,27.64,0.149,Amazonas,Brazil
2002-10-01,27.212,0.185,Amazonas,Brazil
2002-11-01,27.073,0.227,Amazonas,Brazil
2002-12-01,26.78,0.238,Amazonas,Brazil
2003-01-01,27.475,0.235,Amazonas,Brazil
2003-02-01,27.003,0.29,Amazonas,Brazil
2003-03-01,26.888,0.141,Amazonas,Brazil
2003-04-01,26.768,0.316,Amazonas,Brazil
2003-05-01,26.776,0.249,Amazonas,Brazil
2003-06-01,26.615,0.405,Amazonas,Brazil
2003-07-01,26.425,0.226,Amazonas,Brazil
2003-08-01,26.702,0.448,Amazonas,Brazil
2003-09-01,27.023000000000003,0.177,Amazonas,Brazil
2003-10-01,27.215,0.223,Amazonas,Brazil
2003-11-01,27.165000000000006,0.343,Amazonas,Brazil
2003-12-01,27.213,0.313,Amazonas,Brazil
2004-01-01,27.053,0.16,Amazonas,Brazil
2004-02-01,26.757,0.254,Amazonas,Brazil
2004-03-01,26.856,0.268,Amazonas,Brazil
2004-04-01,26.891,0.25,Amazonas,Brazil
2004-05-01,26.054,0.205,Amazonas,Brazil
2004-06-01,26.093000000000004,0.235,Amazonas,Brazil
2004-07-01,26.296999999999997,0.1369999999999999,Amazonas,Brazil
2004-08-01,27.038,0.186,Amazonas,Brazil
2004-09-01,27.099,0.168,Amazonas,Brazil
2004-10-01,27.513,0.272,Amazonas,Brazil
2004-11-01,27.479000000000006,0.2,Amazonas,Brazil
2004-12-01,27.308000000000003,0.301,Amazonas,Brazil
2005-01-01,27.471,0.461,Amazonas,Brazil
2005-02-01,26.947000000000006,0.174,Amazonas,Brazil
2005-03-01,27.096,0.203,Amazonas,Brazil
2005-04-01,26.838,0.296,Amazonas,Brazil
2005-05-01,27.327,0.444,Amazonas,Brazil
2005-06-01,27.173,0.249,Amazonas,Brazil
2005-07-01,26.578000000000007,0.158,Amazonas,Brazil
2005-08-01,27.536,0.23,Amazonas,Brazil
2005-09-01,27.504,0.438,Amazonas,Brazil
2005-10-01,27.542,0.195,Amazonas,Brazil
2005-11-01,27.491000000000003,0.121,Amazonas,Brazil
2005-12-01,26.69400000000001,0.173,Amazonas,Brazil
2006-01-01,26.586,0.217,Amazonas,Brazil
2006-02-01,26.6,0.1689999999999999,Amazonas,Brazil
2006-03-01,26.796,0.257,Amazonas,Brazil
2006-04-01,26.599,0.368,Amazonas,Brazil
2006-05-01,25.754,0.5,Amazonas,Brazil
2006-06-01,26.508000000000003,0.422,Amazonas,Brazil
2006-07-01,26.619,0.353,Amazonas,Brazil
2006-08-01,27.271,0.415,Amazonas,Brazil
2006-09-01,27.682,0.401,Amazonas,Brazil
2006-10-01,27.684,0.197,Amazonas,Brazil
2006-11-01,26.98,0.269,Amazonas,Brazil
2006-12-01,26.999,0.24,Amazonas,Brazil
2007-01-01,27.004,0.116,Amazonas,Brazil
2007-02-01,27.562,0.18,Amazonas,Brazil
2007-03-01,26.619,0.249,Amazonas,Brazil
2007-04-01,26.555999999999997,0.2,Amazonas,Brazil
2007-05-01,26.269,0.202,Amazonas,Brazil
2007-06-01,26.499,0.445,Amazonas,Brazil
2007-07-01,26.679,0.22,Amazonas,Brazil
2007-08-01,27.055999999999997,0.148,Amazonas,Brazil
2007-09-01,27.494,0.21,Amazonas,Brazil
2007-10-01,27.185,0.235,Amazonas,Brazil
2007-11-01,27.231,0.329,Amazonas,Brazil
2007-12-01,26.48,0.135,Amazonas,Brazil
2008-01-01,26.269,0.196,Amazonas,Brazil
2008-02-01,26.154,0.252,Amazonas,Brazil
2008-03-01,26.368,0.291,Amazonas,Brazil
2008-04-01,26.438,0.181,Amazonas,Brazil
2008-05-01,25.921000000000006,0.145,Amazonas,Brazil
2008-06-01,25.747,0.26,Amazonas,Brazil
2008-07-01,26.913,0.267,Amazonas,Brazil
2008-08-01,27.700000000000006,0.262,Amazonas,Brazil
2008-09-01,27.353,0.429,Amazonas,Brazil
2008-10-01,27.158,0.173,Amazonas,Brazil
2008-11-01,27.261000000000006,0.1669999999999999,Amazonas,Brazil
2008-12-01,26.522,0.192,Amazonas,Brazil
2009-01-01,26.312,0.138,Amazonas,Brazil
2009-02-01,26.265,0.216,Amazonas,Brazil
2009-03-01,26.455,0.145,Amazonas,Brazil
2009-04-01,26.438,0.202,Amazonas,Brazil
2009-05-01,26.543000000000006,0.386,Amazonas,Brazil
2009-06-01,25.937,0.179,Amazonas,Brazil
2009-07-01,26.747,0.223,Amazonas,Brazil
2009-08-01,27.671,0.21,Amazonas,Brazil
2009-09-01,28.232,0.303,Amazonas,Brazil
2009-10-01,27.758000000000003,0.26,Amazonas,Brazil
2009-11-01,28.074,0.217,Amazonas,Brazil
2009-12-01,26.741,0.193,Amazonas,Brazil
2010-01-01,26.954,0.182,Amazonas,Brazil
2010-02-01,27.28700000000001,0.229,Amazonas,Brazil
2010-03-01,27.63,0.237,Amazonas,Brazil
2010-04-01,26.883000000000003,0.252,Amazonas,Brazil
2010-05-01,26.837,0.216,Amazonas,Brazil
2010-06-01,26.963,0.377,Amazonas,Brazil
2010-07-01,26.055,0.193,Amazonas,Brazil
2010-08-01,27.394,0.312,Amazonas,Brazil
2010-09-01,28.087,0.368,Amazonas,Brazil
2010-10-01,27.576,0.278,Amazonas,Brazil
2010-11-01,27.128,0.244,Amazonas,Brazil
2010-12-01,26.669,0.235,Amazonas,Brazil
2011-01-01,26.195,0.249,Amazonas,Brazil
2011-02-01,26.14,0.261,Amazonas,Brazil
2011-03-01,26.301,0.178,Amazonas,Brazil
2011-04-01,26.312,0.26,Amazonas,Brazil
2011-05-01,26.369,0.281,Amazonas,Brazil
2011-06-01,26.735,0.315,Amazonas,Brazil
2011-07-01,26.87,0.29,Amazonas,Brazil
2011-08-01,27.668000000000003,0.254,Amazonas,Brazil
2011-09-01,27.694000000000003,0.243,Amazonas,Brazil
2011-10-01,27.237,0.117,Amazonas,Brazil
2011-11-01,27.189,0.349,Amazonas,Brazil
2011-12-01,26.838,0.347,Amazonas,Brazil
2012-01-01,26.07,0.269,Amazonas,Brazil
2012-02-01,25.864,0.217,Amazonas,Brazil
2012-03-01,26.151999999999997,0.198,Amazonas,Brazil
2012-04-01,26.383000000000003,0.292,Amazonas,Brazil
2012-05-01,26.639000000000006,0.225,Amazonas,Brazil
2012-06-01,26.768,0.369,Amazonas,Brazil
2012-07-01,26.491,0.344,Amazonas,Brazil
2012-08-01,27.302,0.334,Amazonas,Brazil
2012-09-01,27.873,0.25,Amazonas,Brazil
2012-10-01,27.737,0.429,Amazonas,Brazil
2012-11-01,27.748,0.369,Amazonas,Brazil
2012-12-01,26.747,0.56,Amazonas,Brazil
2013-01-01,26.929,0.314,Amazonas,Brazil
2013-02-01,26.454,0.279,Amazonas,Brazil
2013-03-01,26.925,0.398,Amazonas,Brazil
2013-04-01,26.783,0.285,Amazonas,Brazil
2013-05-01,26.719,0.279,Amazonas,Brazil
2013-06-01,27.076,0.404,Amazonas,Brazil
2013-07-01,26.372,0.278,Amazonas,Brazil
2013-08-01,26.744,0.266,Amazonas,Brazil
2013-09-01,,,Amazonas,Brazil
