dt,AverageTemperature,AverageTemperatureUncertainty,Country
2000-01-01,25.653,0.155,Brazil
2000-02-01,25.463,0.162,Brazil
2000-03-01,25.446,0.187,Brazil
2000-04-01,25.101999999999997,0.092,Brazil
2000-05-01,24.614,0.216,Brazil
2000-06-01,24.268,0.246,Brazil
2000-07-01,23.17,0.178,Brazil
2000-08-01,25.11,0.195,Brazil
2000-09-01,25.381,0.134,Brazil
2000-10-01,26.393,0.134,Brazil
2000-11-01,25.916,0.098,Brazil
2000-12-01,25.842,0.184,Brazil
2001-01-01,25.55,0.171,Brazil
2001-02-01,25.881,0.227,Brazil
2001-03-01,25.882,0.138,Brazil
2001-04-01,25.82,0.175,Brazil
2001-05-01,24.84,0.175,Brazil
2001-06-01,23.497,0.225,Brazil
2001-07-01,24.344,0.143,Brazil
2001-08-01,25.441,0.182,Brazil
2001-09-01,26.014,0.142,Brazil
2001-10-01,26.253,0.129,Brazil
2001-11-01,26.507,0.168,Brazil
2001-12-01,26.024,0.1639999999999999,Brazil
2002-01-01,25.837000000000003,0.199,Brazil
2002-02-01,25.868,0.133,Brazil
2002-03-01,26.311,0.161,Brazil
2002-04-01,25.881,0.115,Brazil
2002-05-01,25.363000000000003,0.211,Brazil
2002-06-01,24.241999999999997,0.21,Brazil
2002-07-01,24.514,0.171,Brazil
2002-08-01,25.774,0.157,Brazil
2002-09-01,25.908,0.152,Brazil
2002-10-01,26.956,0.155,Brazil
2002-11-01,26.583,0.126,Brazil
2002-12-01,26.366999999999997,0.139,Brazil
2003-01-01,26.392000000000003,0.153,Brazil
2003-02-01,26.13000000000001,0.231,Brazil
2003-03-01,25.930999999999997,0.129,Brazil
2003-04-01,25.594,0.276,Brazil
2003-05-01,24.814,0.172,Brazil
2003-06-01,24.706,0.315,Brazil
2003-07-01,24.305,0.327,Brazil
2003-08-01,24.744,0.297,Brazil
2003-09-01,25.812,0.247,Brazil
2003-10-01,26.206,0.248,Brazil
2003-11-01,26.278,0.186,Brazil
2003-12-01,26.54,0.192,Brazil
2004-01-01,25.956999999999997,0.272,Brazil
2004-02-01,25.584000000000003,0.2,Brazil
2004-03-01,25.896,0.199,Brazil
2004-04-01,25.81600000000001,0.1369999999999999,Brazil
2004-05-01,24.316,0.179,Brazil
2004-06-01,24.02,0.248,Brazil
2004-07-01,23.899,0.17,Brazil
2004-08-01,25.054,0.194,Brazil
2004-09-01,26.314,0.189,Brazil
2004-10-01,26.243,0.226,Brazil
2004-11-01,26.486,0.185,Brazil
2004-12-01,26.373,0.177,Brazil
2005-01-01,26.486,0.184,Brazil
2005-02-01,26.28,0.136,Brazil
2005-03-01,26.19,0.122,Brazil
2005-04-01,25.831999999999997,0.231,Brazil
2005-05-01,25.259,0.209,Brazil
2005-06-01,24.962,0.189,Brazil
2005-07-01,24.159,0.14,Brazil
2005-08-01,25.713,0.153,Brazil
2005-09-01,25.746,0.14,Brazil
2005-10-01,26.794,0.139,Brazil
2005-11-01,26.535,0.147,Brazil
2005-12-01,25.716,0.175,Brazil
2006-01-01,26.185,0.249,Brazil
2006-02-01,26.06,0.147,Brazil
2006-03-01,26.034,0.187,Brazil
2006-04-01,25.19,0.297,Brazil
2006-05-01,23.965,0.402,Brazil
2006-06-01,24.064,0.306,Brazil
2006-07-01,24.494,0.207,Brazil
2006-08-01,25.472,0.275,Brazil
2006-09-01,25.995,0.235,Brazil
2006-10-01,26.301,0.159,Brazil
2006-11-01,26.152,0.153,Brazil
2006-12-01,26.292,0.215,Brazil
2007-01-01,26.409,0.14,Brazil
2007-02-01,26.026000000000003,0.176,Brazil
2007-03-01,26.112,0.156,Brazil
2007-04-01,25.75,0.198,Brazil
2007-05-01,24.519,0.153,Brazil
2007-06-01,24.378,0.165,Brazil
2007-07-01,24.199,0.094,Brazil
2007-08-01,24.906999999999996,0.211,Brazil
2007-09-01,26.539,0.247,Brazil
2007-10-01,26.689,0.114,Brazil
2007-11-01,26.475,0.178,Brazil
2007-12-01,26.013,0.176,Brazil
2008-01-01,25.561,0.153,Brazil
2008-02-01,25.565,0.131,Brazil
2008-03-01,25.421999999999997,0.218,Brazil
2008-04-01,25.161,0.171,Brazil
2008-05-01,24.206,0.143,Brazil
2008-06-01,23.674,0.139,Brazil
2008-07-01,24.529,0.12,Brazil
2008-08-01,25.781,0.1689999999999999,Brazil
2008-09-01,26.046999999999997,0.252,Brazil
2008-10-01,26.678,0.171,Brazil
2008-11-01,26.508000000000003,0.148,Brazil
2008-12-01,25.792,0.136,Brazil
2009-01-01,25.858,0.09,Brazil
2009-02-01,25.796000000000006,0.17,Brazil
2009-03-01,26.03,0.163,Brazil
2009-04-01,25.26,0.21,Brazil
2009-05-01,24.671999999999997,0.174,Brazil
2009-06-01,23.626,0.224,Brazil
2009-07-01,24.375,0.178,Brazil
2009-08-01,25.474,0.193,Brazil
2009-09-01,26.54,0.251,Brazil
2009-10-01,26.427,0.168,Brazil
2009-11-01,27.151,0.246,Brazil
2009-12-01,25.998,0.161,Brazil
2010-01-01,26.206000000000003,0.149,Brazil
2010-02-01,26.802,0.106,Brazil
2010-03-01,26.728,0.111,Brazil
2010-04-01,25.654,0.158,Brazil
2010-05-01,25.015,0.141,Brazil
2010-06-01,24.59,0.208,Brazil
2010-07-01,24.27,0.173,Brazil
2010-08-01,25.101,0.173,Brazil
2010-09-01,26.642,0.174,Brazil
2010-10-01,26.483,0.152,Brazil
2010-11-01,26.22,0.116,Brazil
2010-12-01,26.038,0.235,Brazil
2011-01-01,25.636999999999997,0.236,Brazil
2011-02-01,25.659,0.189,Brazil
2011-03-01,25.497,0.154,Brazil
2011-04-01,25.313,0.204,Brazil
2011-05-01,24.551,0.19,Brazil
2011-06-01,24.235,0.257,Brazil
2011-07-01,24.4,0.153,Brazil
2011-08-01,25.565,0.166,Brazil
2011-09-01,26.373,0.202,Brazil
2011-10-01,26.024,0.092,Brazil
2011-11-01,25.886999999999997,0.279,Brazil
2011-12-01,26.006,0.336,Brazil
2012-01-01,25.399,0.35,Brazil
2012-02-01,25.653,0.221,Brazil
2012-03-01,25.783,0.147,Brazil
2012-04-01,25.675,0.17,Brazil
2012-05-01,24.891,0.178,Brazil
2012-06-01,24.578000000000007,0.159,Brazil
2012-07-01,24.171,0.241,Brazil
2012-08-01,25.349,0.276,Brazil
2012-09-01,26.728,0.197,Brazil
2012-10-01,27.12,0.314,Brazil
2012-11-01,26.683000000000003,0.234,Brazil
2012-12-01,26.575,0.285,Brazil
2013-01-01,26.239,0.301,Brazil
2013-02-01,26.217,0.331,Brazil
2013-03-01,26.233,0.278,Brazil
2013-04-01,25.464,0.253,Brazil
2013-05-01,24.906,0.236,Brazil
2013-06-01,24.788,0.251,Brazil
2013-07-01,24.202,0.201,Brazil
2013-08-01,24.736,0.247,Brazil
2013-09-01,,,Brazil
